"","school","sex","age","address","famsize","Pstatus","Medu","Fedu","Mjob","Fjob","reason","guardian","traveltime","studytime","schoolsup","famsup","activities","nursery","higher","internet","romantic","famrel","freetime","goout","Dalc","Walc","health","alc_use","high_use","failures","paid","absences","G1","G2","G3"
"1","GP","F",15,"R","GT3","T",1,1,"at_home","other","home","mother",2,4,"yes","yes","yes","yes","yes","yes","no",3,1,2,1,1,1,1,FALSE,0,"yes",3,10,12,12
"2","GP","F",15,"R","GT3","T",1,1,"other","other","reputation","mother",1,2,"yes","yes","no","no","yes","yes","yes",3,3,4,2,4,5,3,TRUE,1,"no",2,10,8,8
"3","GP","F",15,"R","GT3","T",2,2,"at_home","other","reputation","mother",1,1,"yes","yes","yes","yes","yes","no","no",4,3,1,1,1,2,1,FALSE,0,"no",8,14,13,12
"4","GP","F",15,"R","GT3","T",2,4,"services","health","course","mother",1,3,"yes","yes","yes","yes","yes","yes","no",4,3,2,1,1,5,1,FALSE,0,"no",2,10,10,9
"5","GP","F",15,"R","GT3","T",3,3,"services","services","reputation","other",2,3,"no","yes","yes","yes","yes","yes","yes",4,2,1,2,3,3,2.5,TRUE,1,"yes",5,12,12,12
"6","GP","F",15,"R","GT3","T",3,4,"services","health","course","mother",1,3,"yes","yes","yes","yes","yes","yes","no",4,3,2,1,1,5,1,FALSE,0,"no",2,12,12,12
"7","GP","F",15,"R","GT3","T",3,4,"services","teacher","course","father",2,3,"no","yes","no","yes","yes","yes","yes",4,2,2,2,2,5,2,FALSE,1,"no",0,11,6,6
"8","GP","F",15,"R","LE3","T",2,2,"health","services","reputation","mother",2,2,"yes","yes","no","yes","yes","yes","no",4,1,3,1,3,4,2,FALSE,0,"no",1,10,10,10
"9","GP","F",15,"R","LE3","T",3,1,"other","other","reputation","father",2,4,"no","yes","no","no","yes","yes","no",4,4,2,2,3,3,2.5,TRUE,0,"no",9,16,16,16
"10","GP","F",15,"U","GT3","A",3,3,"other","health","reputation","father",1,4,"yes","no","no","yes","yes","no","no",4,3,3,1,1,4,1,FALSE,0,"no",10,10,10,10
"11","GP","F",15,"U","GT3","A",4,3,"services","services","reputation","mother",1,2,"no","yes","yes","yes","yes","yes","no",4,3,2,1,1,1,1,FALSE,0,"no",0,14,14,15
"12","GP","F",15,"U","GT3","T",1,1,"at_home","other","course","mother",3,1,"no","yes","yes","no","yes","yes","yes",4,3,3,1,2,4,1.5,FALSE,0,"no",3,10,6,6
"13","GP","F",15,"U","GT3","T",1,1,"other","other","home","father",1,2,"no","yes","yes","no","yes","yes","no",4,3,2,2,3,4,2.5,TRUE,0,"no",2,11,11,11
"14","GP","F",15,"U","GT3","T",1,1,"other","services","course","father",1,2,"no","yes","no","yes","yes","yes","no",4,4,2,1,2,5,1.5,FALSE,0,"no",0,10,12,12
"15","GP","F",15,"U","GT3","T",1,2,"at_home","other","course","mother",1,2,"no","yes","no","no","yes","yes","no",4,3,2,1,1,5,1,FALSE,0,"no",4,12,12,12
"16","GP","F",15,"U","GT3","T",1,2,"at_home","services","course","mother",1,2,"no","no","no","no","yes","yes","no",3,2,3,1,2,1,1.5,FALSE,0,"no",1,15,14,14
"17","GP","F",15,"U","GT3","T",2,1,"services","other","reputation","father",3,3,"no","yes","yes","yes","yes","yes","no",5,2,2,1,1,4,1,FALSE,0,"no",2,10,12,12
"18","GP","F",15,"U","GT3","T",2,2,"other","other","course","mother",1,4,"yes","yes","no","yes","yes","yes","no",5,1,2,1,1,3,1,FALSE,0,"no",6,8,9,9
"19","GP","F",15,"U","GT3","T",2,3,"other","other","other","father",2,1,"no","yes","yes","yes","yes","no","no",3,5,1,1,1,5,1,FALSE,0,"no",2,10,9,8
"20","GP","F",15,"U","GT3","T",3,2,"health","services","home","father",1,2,"no","yes","no","yes","yes","yes","no",3,3,2,1,1,3,1,FALSE,2,"no",1,8,9,6
"21","GP","F",15,"U","GT3","T",3,2,"services","other","home","mother",2,2,"yes","yes","no","yes","yes","yes","no",4,3,5,1,1,2,1,FALSE,0,"no",21,9,8,8
"22","GP","F",15,"U","GT3","T",4,2,"health","services","home","mother",1,3,"no","yes","yes","yes","yes","yes","yes",3,2,2,1,1,5,1,FALSE,0,"no",1,14,14,14
"23","GP","F",15,"U","GT3","T",4,2,"other","other","reputation","mother",1,3,"no","yes","yes","yes","yes","yes","no",5,3,3,1,3,1,2,FALSE,0,"no",4,14,14,14
"24","GP","F",15,"U","GT3","T",4,3,"services","other","reputation","mother",1,1,"no","no","yes","yes","yes","yes","no",4,5,5,1,3,1,2,FALSE,0,"no",5,15,15,16
"25","GP","F",15,"U","GT3","T",4,4,"services","at_home","course","mother",1,3,"no","yes","yes","yes","yes","yes","yes",4,3,3,1,1,5,1,FALSE,0,"no",2,12,7,8
"26","GP","F",15,"U","GT3","T",4,4,"services","services","course","mother",1,1,"yes","yes","no","yes","yes","yes","no",3,3,4,2,3,5,2.5,TRUE,0,"no",0,10,11,12
"27","GP","F",15,"U","GT3","T",4,4,"services","services","reputation","father",2,2,"no","no","no","yes","yes","yes","yes",4,4,4,2,3,5,2.5,TRUE,1,"no",5,10,10,10
"28","GP","F",15,"U","GT3","T",4,4,"services","teacher","other","father",1,2,"yes","yes","yes","no","yes","yes","no",4,4,4,1,1,3,1,FALSE,0,"no",2,10,10,10
"29","GP","F",15,"U","GT3","T",4,4,"teacher","health","reputation","mother",1,2,"no","yes","no","yes","yes","yes","no",3,3,3,1,2,2,1.5,FALSE,0,"no",1,12,11,12
"30","GP","F",15,"U","GT3","T",4,4,"teacher","services","course","mother",1,3,"no","yes","yes","yes","yes","yes","no",4,2,2,1,1,5,1,FALSE,0,"no",2,11,12,12
"31","GP","F",15,"U","GT3","T",4,4,"teacher","teacher","course","mother",2,1,"no","no","yes","yes","yes","yes","no",4,3,2,1,1,5,1,FALSE,0,"no",3,14,15,14
"32","GP","F",15,"U","LE3","A",3,3,"other","other","other","mother",1,1,"no","no","no","yes","yes","yes","no",5,3,4,4,4,1,4,TRUE,0,"no",3,12,12,13
"33","GP","F",15,"U","LE3","A",3,4,"other","other","home","mother",1,2,"yes","no","yes","yes","yes","yes","yes",5,3,2,1,1,1,1,FALSE,0,"no",0,8,10,11
"34","GP","F",15,"U","LE3","A",4,3,"other","other","course","mother",1,2,"yes","yes","yes","yes","yes","yes","yes",5,2,2,1,1,5,1,FALSE,0,"yes",6,9,10,8
"35","GP","F",15,"U","LE3","T",1,1,"at_home","other","other","mother",1,2,"yes","no","no","yes","yes","yes","no",4,3,2,2,3,3,2.5,TRUE,2,"no",8,10,10,11
"36","GP","F",15,"U","LE3","T",3,2,"services","other","reputation","mother",1,2,"no","yes","no","yes","yes","yes","no",4,4,4,1,1,5,1,FALSE,0,"no",7,10,8,8
"37","GP","F",15,"U","LE3","T",4,2,"health","other","other","mother",1,2,"no","yes","no","yes","yes","yes","no",4,3,3,1,1,5,1,FALSE,0,"no",1,14,14,14
"38","GP","F",15,"U","LE3","T",4,3,"services","services","reputation","father",1,2,"yes","no","yes","yes","yes","yes","yes",4,4,4,2,4,2,3,TRUE,0,"no",0,12,11,11
"39","GP","F",16,"R","GT3","T",2,2,"services","services","reputation","mother",2,4,"no","yes","yes","no","yes","yes","no",5,3,5,1,1,5,1,FALSE,0,"no",6,12,12,12
"40","GP","F",16,"R","GT3","T",3,3,"services","other","reputation","father",1,3,"yes","yes","yes","yes","yes","yes","no",4,1,2,1,1,2,1,FALSE,0,"no",2,9,10,10
"41","GP","F",16,"R","GT3","T",4,4,"health","teacher","other","mother",1,2,"no","yes","yes","yes","yes","no","no",2,4,4,2,3,4,2.5,TRUE,0,"no",3,14,14,14
"42","GP","F",16,"U","GT3","A",2,1,"other","other","other","mother",1,2,"no","no","yes","yes","yes","yes","yes",5,3,4,1,1,2,1,FALSE,0,"no",5,10,11,11
"43","GP","F",16,"U","GT3","A",2,2,"other","other","reputation","mother",1,2,"yes","yes","no","yes","yes","yes","no",3,3,4,1,1,4,1,FALSE,0,"no",0,12,13,14
"44","GP","F",16,"U","GT3","A",3,1,"services","other","course","mother",1,2,"no","yes","no","yes","yes","yes","no",2,3,3,2,2,4,2,FALSE,2,"no",4,9,9,10
"45","GP","F",16,"U","GT3","A",3,3,"other","other","course","other",2,1,"no","yes","yes","no","yes","yes","yes",4,3,2,1,1,5,1,FALSE,1,"no",2,6,4,5
"46","GP","F",16,"U","GT3","A",3,4,"services","other","course","father",1,1,"no","no","no","yes","yes","yes","no",3,2,1,1,4,5,2.5,TRUE,0,"no",14,14,12,12
"47","GP","F",16,"U","GT3","T",1,1,"at_home","other","home","mother",2,1,"no","yes","no","yes","yes","no","no",4,3,2,1,4,5,2.5,TRUE,0,"no",4,10,11,12
"48","GP","F",16,"U","GT3","T",1,1,"services","services","course","father",4,1,"yes","yes","yes","no","yes","yes","yes",5,5,5,5,5,5,5,TRUE,0,"no",3,10,9,14
"49","GP","F",16,"U","GT3","T",1,3,"at_home","services","home","mother",1,2,"no","no","yes","no","yes","yes","yes",4,3,5,1,1,3,1,FALSE,2,"no",0,11,10,6
"50","GP","F",16,"U","GT3","T",2,1,"other","other","course","mother",1,2,"no","yes","no","yes","yes","no","yes",4,3,5,1,1,5,1,FALSE,0,"no",1,10,10,11
"51","GP","F",16,"U","GT3","T",2,1,"other","other","home","mother",1,1,"no","no","no","yes","yes","yes","yes",4,5,2,1,1,5,1,FALSE,0,"no",12,11,11,11
"52","GP","F",16,"U","GT3","T",2,2,"at_home","other","home","mother",1,2,"yes","no","yes","yes","yes","yes","no",3,1,2,1,1,5,1,FALSE,1,"no",9,9,12,12
"53","GP","F",16,"U","GT3","T",2,2,"other","other","home","mother",1,2,"no","no","no","yes","yes","yes","yes",5,4,4,1,1,5,1,FALSE,0,"no",0,10,9,10
"54","GP","F",16,"U","GT3","T",2,2,"other","other","home","mother",1,2,"no","yes","no","no","yes","yes","no",5,1,5,1,1,4,1,FALSE,0,"no",0,9,10,6
"55","GP","F",16,"U","GT3","T",2,2,"other","other","reputation","mother",1,4,"no","no","no","yes","yes","yes","yes",5,2,3,1,3,3,2,FALSE,0,"no",0,12,12,12
"56","GP","F",16,"U","GT3","T",2,2,"services","other","reputation","mother",2,2,"no","no","yes","no","yes","yes","no",3,4,4,1,4,5,2.5,TRUE,0,"no",1,13,12,12
"57","GP","F",16,"U","GT3","T",2,2,"services","services","home","mother",1,1,"no","yes","no","no","yes","yes","no",1,2,2,1,3,5,2,FALSE,1,"no",10,8,10,10
"58","GP","F",16,"U","GT3","T",2,3,"other","other","reputation","mother",1,2,"yes","yes","yes","yes","yes","no","no",4,4,3,1,3,4,2,FALSE,0,"no",5,10,11,11
"59","GP","F",16,"U","GT3","T",2,3,"services","services","course","mother",1,2,"no","no","no","yes","yes","yes","no",4,3,3,1,1,2,1,FALSE,0,"no",8,12,12,13
"60","GP","F",16,"U","GT3","T",2,3,"services","teacher","other","mother",1,2,"yes","no","no","yes","yes","yes","no",2,3,1,1,1,3,1,FALSE,0,"no",1,14,14,16
"61","GP","F",16,"U","GT3","T",3,1,"services","other","course","mother",1,4,"yes","yes","no","yes","yes","yes","no",4,3,3,1,2,5,1.5,FALSE,0,"no",2,8,8,8
"62","GP","F",16,"U","GT3","T",3,2,"other","other","reputation","mother",1,2,"no","yes","no","yes","yes","yes","no",1,2,2,1,2,1,1.5,FALSE,0,"no",11,13,14,14
"63","GP","F",16,"U","GT3","T",3,3,"other","other","home","father",1,2,"no","yes","no","yes","yes","no","no",4,3,2,1,2,5,1.5,FALSE,0,"no",2,8,12,12
"64","GP","F",16,"U","GT3","T",3,3,"other","other","home","mother",1,3,"no","yes","no","yes","yes","yes","yes",4,3,3,1,3,4,2,FALSE,0,"no",1,8,9,10
"65","GP","F",16,"U","GT3","T",3,3,"other","other","reputation","mother",3,2,"yes","yes","yes","yes","yes","no","no",5,3,2,1,1,4,1,FALSE,0,"no",3,10,12,12
"66","GP","F",16,"U","GT3","T",3,3,"other","services","home","mother",1,2,"yes","yes","yes","yes","yes","yes","no",4,3,3,2,4,5,3,TRUE,0,"no",29,11,12,11
"67","GP","F",16,"U","GT3","T",3,4,"at_home","other","course","mother",1,2,"no","yes","no","yes","yes","yes","no",2,4,3,1,2,3,1.5,FALSE,0,"no",13,8,8,8
"68","GP","F",16,"U","GT3","T",4,2,"health","services","home","father",1,2,"no","no","no","yes","yes","yes","yes",4,2,3,1,1,3,1,FALSE,0,"no",0,16,16,17
"69","GP","F",16,"U","GT3","T",4,2,"services","other","course","mother",1,2,"no","yes","no","yes","yes","yes","no",4,2,3,1,1,5,1,FALSE,0,"yes",2,16,16,16
"70","GP","F",16,"U","GT3","T",4,2,"teacher","services","home","mother",2,2,"no","yes","yes","yes","yes","yes","no",5,3,3,1,1,1,1,FALSE,0,"no",1,12,12,12
"71","GP","F",16,"U","GT3","T",4,3,"health","other","home","mother",1,2,"no","yes","yes","yes","yes","yes","no",4,3,5,1,5,2,3,TRUE,0,"no",2,15,15,16
"72","GP","F",16,"U","GT3","T",4,3,"other","at_home","course","mother",1,3,"yes","yes","no","yes","yes","yes","no",5,3,5,1,1,3,1,FALSE,0,"no",1,10,11,10
"73","GP","F",16,"U","GT3","T",4,3,"teacher","health","home","mother",1,3,"yes","yes","yes","yes","yes","yes","no",3,4,4,2,4,4,3,TRUE,0,"no",1,12,11,11
"74","GP","F",16,"U","GT3","T",4,3,"teacher","other","other","mother",1,2,"no","no","yes","yes","yes","yes","yes",1,3,2,1,1,1,1,FALSE,0,"no",7,12,14,14
"75","GP","F",16,"U","GT3","T",4,4,"health","health","reputation","mother",1,2,"no","yes","no","yes","yes","yes","yes",4,4,2,1,1,3,1,FALSE,0,"no",0,15,15,16
"76","GP","F",16,"U","GT3","T",4,4,"health","other","home","mother",1,1,"no","yes","no","yes","yes","yes","no",4,4,4,1,2,2,1.5,FALSE,0,"no",5,16,16,16
"77","GP","F",16,"U","GT3","T",4,4,"other","other","reputation","mother",1,1,"no","no","yes","no","yes","yes","no",5,3,4,1,2,1,1.5,FALSE,0,"no",5,12,14,14
"78","GP","F",16,"U","GT3","T",4,4,"services","services","reputation","mother",1,3,"no","yes","yes","yes","yes","yes","no",3,2,3,1,2,2,1.5,FALSE,0,"no",8,13,14,14
"79","GP","F",16,"U","GT3","T",4,4,"teacher","services","home","mother",1,3,"no","yes","yes","no","yes","yes","no",5,3,2,1,1,5,1,FALSE,0,"no",2,14,14,15
"80","GP","F",16,"U","LE3","A",3,3,"other","services","home","mother",1,2,"no","yes","no","yes","yes","yes","no",2,3,5,1,4,3,2.5,TRUE,0,"no",9,12,12,12
"81","GP","F",16,"U","LE3","T",1,1,"at_home","at_home","course","mother",1,1,"no","no","no","yes","yes","yes","no",3,4,4,3,3,1,3,TRUE,0,"no",3,12,12,12
"82","GP","F",16,"U","LE3","T",1,2,"other","services","reputation","father",1,2,"yes","no","yes","yes","yes","yes","no",4,4,3,1,1,1,1,FALSE,0,"no",2,10,12,10
"83","GP","F",16,"U","LE3","T",2,2,"at_home","other","course","mother",1,2,"no","yes","no","yes","yes","no","no",4,3,4,1,2,2,1.5,FALSE,0,"no",5,10,9,8
"84","GP","F",16,"U","LE3","T",2,2,"other","at_home","course","father",2,2,"yes","no","yes","yes","yes","yes","no",4,3,3,2,2,5,2,FALSE,1,"no",14,10,10,10
"85","GP","F",16,"U","LE3","T",2,2,"other","other","home","mother",2,2,"no","yes","yes","no","yes","yes","yes",3,3,3,1,2,3,1.5,FALSE,0,"no",20,9,10,10
"86","GP","F",16,"U","LE3","T",2,2,"services","services","course","mother",3,2,"no","yes","no","yes","yes","yes","no",4,3,3,2,3,4,2.5,TRUE,0,"no",1,13,13,13
"87","GP","F",16,"U","LE3","T",2,4,"other","health","course","father",2,2,"no","yes","yes","yes","yes","yes","yes",4,2,2,1,2,5,1.5,FALSE,0,"no",2,14,12,13
"88","GP","F",16,"U","LE3","T",3,1,"other","other","home","father",1,2,"yes","yes","no","yes","yes","no","no",3,3,3,2,3,2,2.5,TRUE,0,"no",2,10,10,9
"89","GP","F",16,"U","LE3","T",3,3,"other","other","reputation","mother",2,2,"no","yes","yes","yes","yes","yes","no",4,4,5,1,1,4,1,FALSE,0,"no",2,12,12,12
"90","GP","F",16,"U","LE3","T",4,3,"teacher","services","course","mother",3,2,"no","yes","yes","yes","yes","yes","no",5,4,3,1,2,1,1.5,FALSE,0,"no",2,16,15,16
"91","GP","F",16,"U","LE3","T",4,4,"health","health","other","mother",1,3,"no","yes","yes","yes","yes","yes","yes",5,4,5,1,1,4,1,FALSE,0,"no",3,14,15,15
"92","GP","F",16,"U","LE3","T",4,4,"teacher","teacher","reputation","mother",1,2,"no","yes","no","yes","yes","yes","no",4,5,2,1,2,3,1.5,FALSE,0,"no",0,10,10,10
"93","GP","F",17,"R","GT3","A",3,2,"other","other","home","mother",1,2,"no","yes","no","yes","yes","yes","no",4,3,3,2,3,2,2.5,TRUE,0,"no",2,12,12,13
"94","GP","F",17,"R","GT3","T",2,1,"at_home","services","course","mother",3,2,"no","no","yes","yes","yes","no","no",2,1,1,1,1,3,1,FALSE,0,"no",2,13,12,12
"95","GP","F",17,"R","GT3","T",2,1,"at_home","services","reputation","mother",2,2,"no","yes","yes","yes","yes","yes","no",4,2,5,1,2,5,1.5,FALSE,0,"no",1,8,8,8
"96","GP","F",17,"R","GT3","T",2,2,"other","other","reputation","mother",1,1,"no","yes","no","yes","yes","yes","no",5,3,2,1,2,3,1.5,FALSE,0,"no",20,10,10,10
"97","GP","F",17,"R","GT3","T",2,4,"at_home","other","course","father",1,3,"no","yes","no","yes","yes","yes","yes",4,4,3,1,1,5,1,FALSE,0,"no",4,14,14,14
"98","GP","F",17,"R","GT3","T",3,4,"at_home","services","course","father",1,3,"no","yes","yes","no","yes","yes","no",4,3,4,2,5,5,3.5,TRUE,0,"no",1,13,13,14
"99","GP","F",17,"R","GT3","T",4,3,"teacher","other","reputation","mother",2,3,"no","yes","yes","yes","yes","yes","yes",4,4,2,1,1,4,1,FALSE,0,"no",3,9,10,10
"100","GP","F",17,"R","LE3","T",2,2,"services","services","course","mother",1,3,"no","yes","yes","yes","yes","yes","no",3,3,2,2,2,3,2,FALSE,0,"no",2,11,11,10
"101","GP","F",17,"R","LE3","T",3,1,"services","other","reputation","mother",2,4,"no","yes","no","yes","yes","no","no",3,1,2,1,1,3,1,FALSE,0,"no",3,18,18,18
"102","GP","F",17,"R","LE3","T",4,4,"services","other","other","mother",1,1,"no","yes","no","yes","yes","no","no",5,2,1,1,2,3,1.5,FALSE,0,"no",9,10,10,10
"103","GP","F",17,"U","GT3","A",2,1,"other","other","course","mother",2,3,"no","no","yes","yes","yes","yes","yes",3,2,3,1,2,3,1.5,FALSE,0,"no",5,14,12,14
"104","GP","F",17,"U","GT3","A",2,2,"at_home","at_home","home","father",1,2,"no","yes","no","yes","yes","yes","yes",3,3,1,1,2,4,1.5,FALSE,0,"no",9,10,10,7
"105","GP","F",17,"U","GT3","A",3,3,"health","other","reputation","mother",1,2,"no","yes","no","no","yes","yes","yes",3,3,3,1,3,3,2,FALSE,0,"no",8,10,10,12
"106","GP","F",17,"U","GT3","A",4,3,"services","services","course","mother",1,2,"no","yes","no","yes","yes","yes","yes",5,2,2,1,2,5,1.5,FALSE,0,"no",18,14,14,15
"107","GP","F",17,"U","GT3","A",4,4,"other","teacher","home","mother",2,2,"yes","yes","no","yes","yes","no","no",4,1,4,1,1,1,1,FALSE,0,"no",4,8,9,10
"108","GP","F",17,"U","GT3","T",1,1,"at_home","other","course","father",1,2,"no","yes","no","no","yes","yes","no",5,3,3,1,1,3,1,FALSE,0,"no",3,7,8,8
"109","GP","F",17,"U","GT3","T",1,1,"at_home","other","reputation","mother",1,3,"no","yes","yes","yes","yes","no","yes",4,3,4,1,1,5,1,FALSE,0,"no",6,9,8,6
"110","GP","F",17,"U","GT3","T",1,1,"at_home","services","course","mother",1,2,"no","no","yes","yes","yes","yes","no",5,3,3,1,1,3,1,FALSE,0,"no",0,10,10,10
"111","GP","F",17,"U","GT3","T",1,1,"other","other","course","mother",1,2,"no","yes","no","no","yes","no","no",4,4,4,1,3,1,2,FALSE,0,"no",2,12,12,12
"112","GP","F",17,"U","GT3","T",1,1,"services","teacher","reputation","mother",1,3,"no","yes","no","yes","yes","yes","no",4,3,3,1,1,3,1,FALSE,0,"no",3,13,12,13
"113","GP","F",17,"U","GT3","T",2,2,"at_home","at_home","course","mother",1,3,"no","yes","yes","yes","yes","yes","no",4,3,3,1,1,4,1,FALSE,0,"no",2,10,11,12
"114","GP","F",17,"U","GT3","T",2,2,"other","other","course","mother",1,2,"no","yes","no","no","yes","yes","no",5,4,5,1,2,5,1.5,FALSE,0,"no",8,11,10,12
"115","GP","F",17,"U","GT3","T",2,2,"other","other","course","mother",1,2,"no","yes","no","yes","yes","no","yes",4,2,2,1,1,3,1,FALSE,0,"no",8,12,11,11
"116","GP","F",17,"U","GT3","T",2,3,"at_home","other","home","father",2,1,"no","yes","no","yes","yes","no","no",3,3,3,1,4,3,2.5,TRUE,0,"no",4,10,10,10
"117","GP","F",17,"U","GT3","T",2,4,"at_home","health","reputation","mother",2,2,"no","yes","no","yes","yes","yes","yes",4,3,3,1,1,1,1,FALSE,0,"no",4,12,13,13
"118","GP","F",17,"U","GT3","T",2,4,"services","services","reputation","father",1,2,"no","yes","yes","yes","yes","no","no",5,4,2,2,3,5,2.5,TRUE,0,"no",0,16,18,17
"119","GP","F",17,"U","GT3","T",3,1,"services","services","course","father",1,3,"no","yes","no","no","yes","yes","no",3,4,3,2,3,5,2.5,TRUE,0,"no",0,14,16,16
"120","GP","F",17,"U","GT3","T",3,2,"health","health","reputation","father",1,4,"no","yes","yes","no","yes","yes","no",5,2,2,1,2,5,1.5,FALSE,0,"no",0,18,18,18
"121","GP","F",17,"U","GT3","T",3,2,"other","other","course","mother",1,2,"no","no","yes","no","yes","yes","no",5,3,4,1,3,3,2,FALSE,0,"no",6,16,16,16
"122","GP","F",17,"U","GT3","T",3,2,"other","other","home","mother",1,2,"no","yes","no","yes","yes","yes","yes",4,3,2,2,3,2,2.5,TRUE,0,"no",0,10,10,8
"123","GP","F",17,"U","GT3","T",3,3,"other","other","home","mother",1,3,"no","no","yes","no","yes","no","no",3,2,3,1,1,4,1,FALSE,0,"no",3,12,10,11
"124","GP","F",17,"U","GT3","T",3,4,"at_home","services","home","mother",1,3,"no","yes","no","yes","yes","yes","yes",4,4,3,3,4,5,3.5,TRUE,1,"yes",21,9,9,8
"125","GP","F",17,"U","GT3","T",3,4,"services","other","course","mother",1,3,"no","no","no","yes","yes","yes","no",4,4,5,1,3,5,2,FALSE,0,"no",12,14,14,14
"126","GP","F",17,"U","GT3","T",4,2,"other","other","reputation","mother",2,3,"no","yes","no","yes","yes","yes","no",4,3,3,1,1,3,1,FALSE,0,"no",0,16,14,15
"127","GP","F",17,"U","GT3","T",4,3,"health","other","reputation","mother",1,3,"no","yes","yes","yes","yes","yes","yes",4,4,3,1,3,4,2,FALSE,0,"no",0,12,14,14
"128","GP","F",17,"U","GT3","T",4,3,"health","services","reputation","mother",1,3,"no","yes","no","yes","yes","yes","no",4,2,2,1,2,3,1.5,FALSE,0,"no",0,16,16,16
"129","GP","F",17,"U","GT3","T",4,3,"other","other","reputation","mother",1,2,"no","no","no","yes","yes","yes","yes",3,4,5,2,4,1,3,TRUE,1,"no",19,8,8,7
"130","GP","F",17,"U","GT3","T",4,4,"other","teacher","course","mother",1,1,"yes","yes","no","yes","yes","no","yes",4,2,1,1,1,4,1,FALSE,0,"no",0,12,12,12
"131","GP","F",17,"U","GT3","T",4,4,"services","teacher","home","mother",2,1,"no","yes","no","yes","yes","yes","no",4,2,4,2,3,2,2.5,TRUE,1,"no",27,16,16,17
"132","GP","F",17,"U","GT3","T",4,4,"teacher","services","course","mother",1,3,"no","yes","yes","yes","yes","yes","no",5,4,4,1,3,4,2,FALSE,0,"no",4,12,10,11
"133","GP","F",17,"U","GT3","T",4,4,"teacher","teacher","course","mother",2,3,"no","yes","no","no","yes","yes","yes",4,3,3,1,2,4,1.5,FALSE,0,"no",4,14,14,14
"134","GP","F",17,"U","LE3","T",0,2,"at_home","at_home","home","father",2,3,"no","no","no","yes","yes","yes","no",3,3,3,2,3,2,2.5,TRUE,0,"no",0,15,14,15
"135","GP","F",17,"U","LE3","T",2,2,"other","other","course","father",1,1,"no","yes","no","yes","yes","yes","yes",3,4,4,1,3,5,2,FALSE,0,"no",7,12,12,12
"136","GP","F",17,"U","LE3","T",2,2,"services","other","course","mother",2,2,"yes","yes","no","yes","yes","yes","yes",4,4,4,2,3,5,2.5,TRUE,0,"no",6,12,12,12
"137","GP","F",17,"U","LE3","T",2,2,"services","services","course","father",1,4,"no","no","yes","yes","yes","yes","yes",3,4,1,1,1,2,1,FALSE,0,"no",1,10,10,6
"138","GP","F",17,"U","LE3","T",2,4,"services","services","course","father",1,2,"no","no","yes","yes","yes","yes","yes",4,3,2,1,1,5,1,FALSE,0,"no",4,14,15,16
"139","GP","F",17,"U","LE3","T",3,2,"other","other","reputation","mother",2,2,"no","no","no","yes","yes","yes","no",4,4,4,1,3,1,2,FALSE,0,"no",2,14,16,15
"140","GP","F",17,"U","LE3","T",3,3,"other","other","reputation","mother",1,2,"no","yes","yes","yes","yes","yes","yes",5,3,3,2,3,1,2.5,TRUE,0,"no",44,12,11,11
"141","GP","F",17,"U","LE3","T",4,2,"teacher","services","reputation","mother",1,4,"no","yes","yes","yes","yes","yes","no",4,2,3,1,1,4,1,FALSE,0,"no",4,14,14,15
"142","GP","F",17,"U","LE3","T",4,3,"health","other","reputation","father",1,2,"no","no","yes","yes","yes","yes","yes",3,2,3,1,2,3,1.5,FALSE,0,"no",7,14,12,13
"143","GP","F",18,"R","GT3","A",3,2,"other","services","home","mother",2,2,"no","no","no","no","no","yes","yes",4,1,1,1,1,5,1,FALSE,0,"no",45,11,9,10
"144","GP","F",18,"R","GT3","T",1,1,"at_home","other","course","mother",3,1,"no","yes","yes","no","yes","no","no",5,2,5,1,5,4,3,TRUE,3,"no",6,10,9,10
"145","GP","F",18,"R","GT3","T",2,1,"other","other","reputation","mother",2,2,"no","yes","no","yes","no","yes","yes",4,3,5,1,2,3,1.5,FALSE,0,"no",6,7,4,5
"146","GP","F",18,"R","GT3","T",2,2,"at_home","other","course","mother",2,4,"no","no","yes","yes","yes","no","no",4,4,4,1,1,4,1,FALSE,0,"no",3,12,11,7
"147","GP","F",18,"R","GT3","T",3,1,"other","other","reputation","mother",1,2,"no","no","yes","yes","yes","yes","yes",5,3,3,1,1,4,1,FALSE,0,"no",10,8,8,8
"148","GP","F",18,"R","GT3","T",4,4,"teacher","other","reputation","mother",2,2,"no","no","yes","yes","yes","yes","no",4,3,4,2,2,4,2,FALSE,0,"no",8,11,10,12
"149","GP","F",18,"R","LE3","T",1,1,"at_home","other","reputation","mother",2,4,"no","yes","yes","yes","yes","no","no",5,2,2,1,1,3,1,FALSE,0,"no",2,14,14,15
"150","GP","F",18,"U","GT3","A",4,4,"at_home","teacher","course","mother",2,2,"yes","no","no","yes","yes","no","no",4,3,4,1,1,3,1,FALSE,0,"no",5,2,8,8
"151","GP","F",18,"U","GT3","T",1,1,"other","other","home","mother",2,2,"yes","no","yes","yes","yes","yes","no",5,4,4,1,1,4,1,FALSE,0,"no",2,10,11,12
"152","GP","F",18,"U","GT3","T",2,1,"other","other","course","other",2,3,"no","yes","no","no","yes","yes","yes",4,4,4,1,1,3,1,FALSE,0,"no",5,10,5,6
"153","GP","F",18,"U","GT3","T",2,1,"services","other","course","mother",2,2,"no","yes","yes","yes","yes","yes","no",5,3,3,1,2,1,1.5,FALSE,0,"no",1,10,10,8
"154","GP","F",18,"U","GT3","T",2,2,"at_home","at_home","other","mother",1,3,"no","yes","no","yes","yes","yes","no",4,3,3,1,2,2,1.5,FALSE,0,"no",2,18,18,18
"155","GP","F",18,"U","GT3","T",2,2,"at_home","services","home","mother",1,3,"no","yes","yes","yes","yes","yes","yes",4,3,3,1,1,3,1,FALSE,0,"no",0,10,11,6
"156","GP","F",18,"U","GT3","T",2,3,"at_home","other","course","mother",1,3,"no","yes","no","yes","yes","yes","no",4,3,3,1,2,3,1.5,FALSE,0,"no",2,11,11,12
"157","GP","F",18,"U","GT3","T",2,3,"other","services","reputation","father",1,4,"no","yes","yes","yes","yes","yes","yes",4,5,5,1,3,2,2,FALSE,0,"no",7,16,15,15
"158","GP","F",18,"U","GT3","T",3,2,"other","services","other","mother",1,3,"no","no","no","yes","yes","yes","yes",5,4,3,2,3,1,2.5,TRUE,0,"no",6,14,14,16
"159","GP","F",18,"U","GT3","T",3,3,"services","services","home","mother",1,2,"no","no","yes","yes","yes","yes","no",5,3,4,1,1,4,1,FALSE,0,"no",4,8,6,6
"160","GP","F",18,"U","GT3","T",4,3,"other","other","course","mother",1,3,"no","yes","yes","yes","yes","yes","yes",4,3,4,1,1,5,1,FALSE,0,"no",6,12,12,13
"161","GP","F",18,"U","GT3","T",4,3,"other","other","reputation","father",1,4,"no","yes","no","yes","yes","yes","no",4,3,3,1,1,3,1,FALSE,0,"no",0,15,15,16
"162","GP","F",18,"U","GT3","T",4,3,"services","other","home","father",1,2,"no","yes","no","yes","yes","yes","yes",3,1,2,1,3,2,2,FALSE,0,"no",12,16,16,16
"163","GP","F",18,"U","GT3","T",4,4,"health","health","reputation","father",1,2,"yes","yes","yes","yes","yes","yes","yes",2,4,4,1,1,4,1,FALSE,1,"no",8,12,10,10
"164","GP","F",18,"U","GT3","T",4,4,"teacher","other","course","mother",1,2,"no","yes","no","yes","yes","yes","no",4,4,4,3,3,5,3,TRUE,0,"no",1,12,11,12
"165","GP","F",18,"U","LE3","A",4,4,"health","other","home","mother",1,2,"no","yes","no","yes","yes","yes","yes",4,2,4,1,1,4,1,FALSE,0,"yes",7,13,12,13
"166","GP","F",18,"U","LE3","T",1,1,"other","other","home","mother",2,2,"no","yes","no","no","yes","no","no",4,4,3,1,1,3,1,FALSE,0,"no",2,12,12,12
"167","GP","F",18,"U","LE3","T",2,2,"other","other","home","other",1,2,"no","no","yes","no","yes","yes","yes",4,3,3,1,1,2,1,FALSE,0,"no",0,9,8,6
"168","GP","F",18,"U","LE3","T",3,3,"services","services","home","mother",1,4,"no","yes","no","yes","yes","yes","no",5,3,3,1,1,1,1,FALSE,0,"no",6,15,14,16
"169","GP","F",18,"U","LE3","T",4,3,"other","other","home","other",2,2,"no","yes","no","yes","yes","yes","yes",4,4,5,1,2,2,1.5,FALSE,0,"no",5,12,11,11
"170","GP","F",19,"U","GT3","T",0,1,"at_home","other","course","other",1,2,"no","yes","no","no","no","no","no",3,4,2,1,1,5,1,FALSE,2,"no",1,8,9,10
"171","GP","F",19,"U","GT3","T",3,3,"other","other","reputation","other",1,4,"no","yes","yes","yes","yes","yes","no",4,3,3,1,2,3,1.5,FALSE,0,"no",7,10,10,10
"172","GP","F",19,"U","GT3","T",3,3,"other","services","home","other",1,2,"no","yes","yes","yes","yes","yes","no",4,3,5,3,3,5,3,TRUE,1,"no",16,10,10,10
"173","GP","F",19,"U","GT3","T",4,4,"health","other","reputation","other",2,2,"no","yes","yes","yes","yes","yes","no",2,3,4,2,3,2,2.5,TRUE,0,"no",1,12,11,6
"174","GP","M",15,"R","GT3","T",2,1,"health","services","reputation","mother",1,2,"no","no","yes","yes","yes","yes","yes",5,4,2,1,1,5,1,FALSE,0,"no",6,10,9,10
"175","GP","M",15,"R","GT3","T",2,3,"at_home","services","course","mother",1,2,"yes","no","yes","yes","yes","no","no",4,4,4,1,1,1,1,FALSE,0,"yes",1,9,8,8
"176","GP","M",15,"R","GT3","T",3,4,"at_home","teacher","course","mother",4,2,"no","yes","no","yes","yes","no","yes",5,3,3,1,1,5,1,FALSE,0,"no",1,10,6,6
"177","GP","M",15,"R","GT3","T",4,3,"teacher","at_home","course","mother",1,2,"no","yes","yes","yes","yes","yes","yes",4,5,2,1,1,5,1,FALSE,0,"no",0,15,15,16
"178","GP","M",15,"R","GT3","T",4,4,"other","other","home","father",4,4,"no","yes","yes","yes","yes","yes","yes",1,3,5,3,5,1,4,TRUE,0,"no",7,11,12,12
"179","GP","M",15,"U","GT3","A",2,2,"other","other","home","other",1,3,"no","yes","no","yes","yes","yes","yes",4,5,2,1,1,3,1,FALSE,0,"no",0,14,15,16
"180","GP","M",15,"U","GT3","A",3,4,"services","other","course","mother",1,2,"no","yes","yes","yes","yes","yes","no",5,4,4,1,1,1,1,FALSE,0,"no",0,16,17,17
"181","GP","M",15,"U","GT3","A",4,4,"other","services","reputation","mother",1,4,"no","yes","yes","no","yes","yes","yes",1,3,3,5,5,3,5,TRUE,0,"no",2,12,12,12
"182","GP","M",15,"U","GT3","T",2,2,"other","other","home","mother",1,1,"no","yes","no","yes","yes","yes","no",4,2,2,1,2,5,1.5,FALSE,0,"no",5,12,12,12
"183","GP","M",15,"U","GT3","T",2,2,"services","services","course","father",1,1,"yes","yes","no","yes","yes","yes","no",5,4,1,1,1,1,1,FALSE,0,"no",0,8,9,10
"184","GP","M",15,"U","GT3","T",2,2,"services","services","home","father",1,4,"no","yes","yes","yes","yes","yes","no",5,5,4,1,2,5,1.5,FALSE,0,"no",6,15,14,14
"185","GP","M",15,"U","GT3","T",2,3,"other","other","home","mother",1,3,"yes","no","no","no","yes","yes","no",5,3,2,1,2,5,1.5,FALSE,0,"no",3,10,10,10
"186","GP","M",15,"U","GT3","T",2,3,"other","services","course","father",1,1,"yes","yes","yes","no","yes","yes","yes",3,2,2,1,3,3,2,FALSE,0,"no",1,10,12,12
"187","GP","M",15,"U","GT3","T",3,4,"other","other","home","mother",1,2,"no","yes","yes","yes","yes","yes","no",5,5,1,1,1,5,1,FALSE,0,"no",0,13,14,14
"188","GP","M",15,"U","GT3","T",3,4,"other","other","reputation","father",1,1,"no","no","no","yes","yes","yes","no",3,4,3,1,2,4,1.5,FALSE,0,"no",4,14,13,14
"189","GP","M",15,"U","GT3","T",3,4,"services","services","home","father",1,1,"yes","no","no","yes","yes","yes","no",5,5,5,3,2,5,2.5,TRUE,0,"no",1,11,11,10
"190","GP","M",15,"U","GT3","T",4,0,"teacher","other","course","mother",2,4,"no","no","yes","yes","yes","yes","no",3,4,3,1,1,1,1,FALSE,0,"no",4,12,11,10
"191","GP","M",15,"U","GT3","T",4,2,"health","services","other","mother",1,1,"no","no","no","yes","yes","yes","no",2,2,4,2,4,1,3,TRUE,0,"no",2,13,14,13
"192","GP","M",15,"U","GT3","T",4,2,"other","other","course","mother",1,4,"no","no","no","yes","yes","yes","no",3,3,3,1,1,3,1,FALSE,0,"no",0,10,10,10
"193","GP","M",15,"U","GT3","T",4,2,"teacher","other","home","mother",1,2,"no","yes","no","yes","yes","no","no",4,3,3,2,2,5,2,FALSE,0,"no",3,13,14,14
"194","GP","M",15,"U","GT3","T",4,3,"teacher","other","course","mother",2,2,"no","yes","no","yes","yes","yes","no",5,4,3,1,2,3,1.5,FALSE,0,"no",1,11,11,12
"195","GP","M",15,"U","GT3","T",4,3,"teacher","other","home","mother",1,2,"no","yes","yes","yes","yes","yes","no",4,3,3,2,3,5,2.5,TRUE,0,"no",3,10,10,10
"196","GP","M",15,"U","GT3","T",4,3,"teacher","other","reputation","mother",1,2,"no","no","no","yes","yes","yes","no",4,4,1,1,1,1,1,FALSE,0,"no",0,12,14,14
"197","GP","M",15,"U","GT3","T",4,3,"teacher","services","course","father",2,4,"yes","yes","no","yes","yes","yes","no",2,2,2,1,1,3,1,FALSE,0,"no",3,8,10,6
"198","GP","M",15,"U","GT3","T",4,4,"health","health","other","father",1,1,"no","yes","no","yes","yes","yes","no",5,4,2,1,1,5,1,FALSE,0,"yes",0,12,14,14
"199","GP","M",15,"U","GT3","T",4,4,"health","services","home","mother",1,2,"no","yes","no","no","yes","yes","no",5,4,2,3,4,5,3.5,TRUE,0,"yes",0,10,11,12
"200","GP","M",15,"U","GT3","T",4,4,"other","teacher","reputation","father",2,2,"no","yes","yes","yes","yes","no","no",4,4,3,1,1,2,1,FALSE,0,"no",3,14,14,15
"201","GP","M",15,"U","GT3","T",4,4,"services","other","course","mother",1,1,"no","yes","yes","no","yes","yes","no",5,3,3,1,1,5,1,FALSE,0,"yes",3,11,13,13
"202","GP","M",15,"U","GT3","T",4,4,"services","services","reputation","mother",2,2,"no","yes","yes","yes","yes","yes","no",4,3,1,1,1,5,1,FALSE,0,"no",1,16,16,16
"203","GP","M",15,"U","GT3","T",4,4,"services","teacher","course","father",1,2,"no","yes","yes","yes","yes","yes","no",4,3,3,1,1,5,1,FALSE,0,"no",1,16,16,16
"204","GP","M",15,"U","GT3","T",4,4,"teacher","health","reputation","mother",1,2,"no","yes","yes","yes","yes","no","no",3,2,2,1,1,5,1,FALSE,0,"no",6,14,15,16
"205","GP","M",15,"U","LE3","A",2,1,"services","other","course","mother",4,1,"no","no","no","yes","yes","yes","no",4,5,5,2,5,5,3.5,TRUE,2,"no",0,10,10,10
"206","GP","M",15,"U","LE3","A",3,2,"services","other","home","mother",1,2,"no","yes","no","yes","yes","yes","no",4,2,2,1,1,1,1,FALSE,0,"no",0,16,17,18
"207","GP","M",15,"U","LE3","A",4,2,"health","health","other","father",2,1,"no","no","no","yes","yes","no","no",5,5,5,3,4,5,3.5,TRUE,0,"no",5,10,10,10
"208","GP","M",15,"U","LE3","A",4,4,"teacher","teacher","course","mother",1,1,"no","no","yes","yes","yes","yes","no",5,5,3,1,1,4,1,FALSE,0,"no",5,16,16,16
"209","GP","M",15,"U","LE3","T",1,2,"other","at_home","home","father",1,2,"yes","yes","yes","yes","yes","yes","no",4,3,2,1,1,5,1,FALSE,0,"no",1,12,12,12
"210","GP","M",15,"U","LE3","T",2,2,"services","health","reputation","mother",1,4,"no","yes","yes","yes","yes","yes","no",4,3,4,1,1,4,1,FALSE,0,"no",4,11,12,13
"211","GP","M",15,"U","LE3","T",2,2,"services","services","home","mother",2,2,"no","no","yes","yes","yes","yes","no",5,3,3,1,3,4,2,FALSE,0,"yes",3,14,14,14
"212","GP","M",15,"U","LE3","T",3,3,"other","other","course","mother",1,2,"no","no","yes","no","yes","yes","no",5,3,2,1,1,2,1,FALSE,0,"no",0,10,11,12
"213","GP","M",15,"U","LE3","T",4,2,"teacher","other","course","mother",1,1,"no","no","no","yes","yes","yes","no",3,5,2,1,1,3,1,FALSE,0,"no",10,18,18,18
"214","GP","M",15,"U","LE3","T",4,3,"teacher","services","home","mother",1,3,"no","yes","yes","yes","yes","yes","no",5,4,3,1,1,4,1,FALSE,0,"no",1,14,15,16
"215","GP","M",15,"U","LE3","T",4,4,"health","services","course","father",1,1,"no","yes","yes","yes","yes","yes","no",4,3,3,1,3,5,2,FALSE,0,"no",1,13,14,13
"216","GP","M",15,"U","LE3","T",4,4,"teacher","other","home","other",1,1,"no","yes","no","no","yes","yes","yes",5,4,3,2,4,5,3,TRUE,0,"no",8,11,12,12
"217","GP","M",16,"R","GT3","A",4,4,"other","teacher","reputation","mother",2,3,"no","yes","yes","yes","yes","yes","yes",2,4,3,1,1,5,1,FALSE,0,"no",6,14,14,14
"218","GP","M",16,"R","GT3","T",2,1,"other","other","course","mother",2,1,"no","no","yes","no","yes","no","no",3,3,2,1,3,3,2,FALSE,0,"no",1,11,11,10
"219","GP","M",16,"R","GT3","T",2,2,"at_home","other","course","mother",3,1,"no","no","no","no","yes","no","no",4,2,2,1,2,3,1.5,FALSE,0,"no",3,14,12,13
"220","GP","M",16,"R","GT3","T",3,3,"services","services","reputation","mother",1,1,"no","yes","yes","yes","yes","yes","no",4,3,2,3,4,5,3.5,TRUE,0,"no",4,10,10,10
"221","GP","M",16,"R","GT3","T",4,2,"teacher","services","other","mother",1,1,"no","yes","yes","yes","yes","yes","yes",4,3,3,3,4,3,3.5,TRUE,0,"no",9,10,8,10
"222","GP","M",16,"R","GT3","T",4,3,"services","other","reputation","mother",2,1,"yes","yes","yes","no","yes","yes","no",3,3,3,1,1,4,1,FALSE,0,"yes",4,10,13,13
"223","GP","M",16,"R","GT3","T",4,4,"teacher","teacher","course","mother",1,1,"no","no","yes","yes","yes","yes","no",3,5,5,2,5,4,3.5,TRUE,0,"no",8,16,16,16
"224","GP","M",16,"R","LE3","T",3,3,"teacher","other","home","father",3,1,"no","yes","yes","yes","yes","yes","no",3,3,4,3,5,3,4,TRUE,0,"no",12,10,10,11
"225","GP","M",16,"U","GT3","T",0,2,"other","other","other","mother",1,1,"no","no","no","no","yes","yes","no",4,3,2,2,4,5,3,TRUE,0,"no",0,12,14,13
"226","GP","M",16,"U","GT3","T",1,0,"other","other","reputation","mother",2,2,"no","yes","yes","yes","yes","yes","yes",4,3,2,1,1,3,1,FALSE,0,"no",1,14,16,17
"227","GP","M",16,"U","GT3","T",1,2,"services","services","other","mother",1,1,"no","yes","yes","yes","yes","yes","yes",3,3,3,1,2,3,1.5,FALSE,0,"no",1,10,10,11
"228","GP","M",16,"U","GT3","T",2,1,"other","other","course","mother",3,1,"no","no","no","yes","yes","yes","no",4,3,3,1,1,4,1,FALSE,0,"no",6,16,17,17
"229","GP","M",16,"U","GT3","T",2,2,"other","other","course","father",1,2,"no","no","no","yes","no","yes","no",4,3,5,2,4,4,3,TRUE,0,"no",2,10,10,10
"230","GP","M",16,"U","GT3","T",2,2,"services","other","reputation","father",2,2,"no","no","yes","no","yes","yes","no",4,4,2,1,1,3,1,FALSE,0,"no",9,12,10,10
"231","GP","M",16,"U","GT3","T",2,3,"other","other","home","father",2,1,"no","no","no","yes","yes","yes","no",5,3,3,1,1,3,1,FALSE,0,"no",0,13,13,13
"232","GP","M",16,"U","GT3","T",3,1,"other","other","reputation","father",2,4,"no","yes","no","yes","yes","yes","no",4,3,2,1,1,5,1,FALSE,0,"no",1,13,13,13
"233","GP","M",16,"U","GT3","T",3,1,"other","other","reputation","mother",1,1,"no","no","yes","yes","yes","no","no",5,3,2,2,2,5,2,FALSE,0,"no",1,12,12,14
"234","GP","M",16,"U","GT3","T",3,2,"at_home","other","reputation","mother",2,3,"no","no","yes","yes","yes","yes","yes",5,3,3,1,3,2,2,FALSE,0,"no",5,12,10,11
"235","GP","M",16,"U","GT3","T",3,2,"other","other","home","mother",1,1,"no","yes","no","no","yes","yes","no",5,4,3,1,1,5,1,FALSE,0,"no",2,12,13,14
"236","GP","M",16,"U","GT3","T",3,3,"at_home","other","reputation","other",3,2,"yes","yes","no","no","yes","yes","no",5,3,3,1,3,2,2,FALSE,0,"no",5,8,10,10
"237","GP","M",16,"U","GT3","T",3,3,"other","services","course","father",1,2,"no","yes","no","yes","yes","yes","yes",4,5,5,4,4,5,4,TRUE,1,"no",2,10,11,6
"238","GP","M",16,"U","GT3","T",3,3,"other","services","home","father",2,1,"no","no","yes","yes","yes","yes","no",5,4,2,1,1,5,1,FALSE,0,"no",3,14,14,14
"239","GP","M",16,"U","GT3","T",3,3,"services","other","home","father",1,3,"no","yes","yes","yes","yes","yes","no",5,3,3,1,1,5,1,FALSE,0,"no",3,14,16,16
"240","GP","M",16,"U","GT3","T",3,3,"services","other","home","mother",1,2,"no","no","yes","yes","yes","yes","yes",4,2,3,1,2,3,1.5,FALSE,0,"no",1,12,12,12
"241","GP","M",16,"U","GT3","T",3,4,"other","other","course","father",3,1,"no","yes","yes","no","yes","yes","no",3,4,5,2,4,2,3,TRUE,2,"no",2,8,7,5
"242","GP","M",16,"U","GT3","T",4,3,"health","services","reputation","mother",1,4,"no","no","yes","yes","yes","yes","no",4,2,2,1,1,2,1,FALSE,0,"no",3,18,18,18
"243","GP","M",16,"U","GT3","T",4,3,"teacher","other","home","mother",1,2,"no","yes","yes","yes","yes","yes","no",3,4,3,2,3,3,2.5,TRUE,0,"yes",7,10,9,10
"244","GP","M",16,"U","GT3","T",4,4,"health","other","course","mother",1,1,"no","yes","yes","yes","yes","yes","no",3,4,4,1,4,5,2.5,TRUE,0,"no",11,13,12,13
"245","GP","M",16,"U","GT3","T",4,4,"health","other","reputation","father",1,2,"no","yes","yes","yes","yes","yes","no",4,2,4,2,4,1,3,TRUE,0,"no",1,14,13,14
"246","GP","M",16,"U","GT3","T",4,4,"services","services","course","mother",1,1,"no","no","yes","yes","yes","yes","no",5,3,2,1,2,5,1.5,FALSE,0,"yes",2,14,14,14
"247","GP","M",16,"U","GT3","T",4,4,"services","services","other","mother",1,1,"yes","yes","yes","yes","yes","yes","no",4,5,5,5,5,4,5,TRUE,0,"no",13,8,8,6
"248","GP","M",16,"U","GT3","T",4,4,"services","teacher","other","father",1,3,"no","yes","yes","yes","yes","yes","yes",4,4,3,1,1,4,1,FALSE,0,"no",0,16,16,16
"249","GP","M",16,"U","GT3","T",4,4,"teacher","teacher","course","father",1,2,"no","yes","yes","yes","yes","yes","no",5,4,4,1,2,5,1.5,FALSE,0,"no",4,16,14,15
"250","GP","M",16,"U","GT3","T",4,4,"teacher","teacher","course","mother",1,1,"no","yes","no","yes","no","yes","yes",3,3,2,2,1,5,1.5,FALSE,0,"no",8,8,8,4
"251","GP","M",16,"U","GT3","T",4,4,"teacher","teacher","home","mother",1,2,"no","yes","yes","yes","yes","yes","yes",4,4,5,5,5,5,5,TRUE,0,"yes",10,11,12,12
"252","GP","M",16,"U","LE3","A",3,4,"services","other","home","mother",1,2,"yes","yes","yes","yes","yes","yes","no",5,3,3,1,1,5,1,FALSE,0,"yes",3,12,12,12
"253","GP","M",16,"U","LE3","A",4,4,"teacher","health","reputation","mother",1,2,"no","yes","no","yes","yes","no","no",4,1,3,3,5,5,4,TRUE,0,"no",12,8,8,8
"254","GP","M",16,"U","LE3","T",1,1,"other","other","home","mother",2,2,"no","yes","no","yes","yes","yes","no",3,4,2,1,1,5,1,FALSE,0,"no",10,9,8,8
"255","GP","M",16,"U","LE3","T",1,1,"services","other","course","mother",1,2,"no","no","no","yes","yes","no","yes",4,4,4,1,3,5,2,FALSE,2,"no",0,12,11,11
"256","GP","M",16,"U","LE3","T",2,1,"at_home","other","course","mother",1,1,"no","no","yes","yes","yes","no","yes",4,4,4,3,5,5,4,TRUE,1,"no",6,10,12,12
"257","GP","M",16,"U","LE3","T",2,1,"other","other","course","mother",1,2,"no","no","yes","yes","yes","yes","yes",4,2,3,1,2,5,1.5,FALSE,0,"no",0,14,14,16
"258","GP","M",16,"U","LE3","T",2,2,"other","other","home","mother",1,2,"no","no","no","yes","yes","yes","no",4,4,4,1,1,3,1,FALSE,0,"no",0,12,12,12
"259","GP","M",16,"U","LE3","T",2,2,"other","other","reputation","mother",2,2,"no","yes","yes","yes","yes","yes","no",5,4,4,2,4,5,3,TRUE,0,"no",1,12,12,11
"260","GP","M",16,"U","LE3","T",2,2,"services","services","reputation","father",2,1,"no","yes","yes","yes","yes","yes","no",2,3,3,2,2,2,2,FALSE,1,"no",6,10,10,10
"261","GP","M",16,"U","LE3","T",4,2,"teacher","other","course","mother",1,2,"no","no","yes","yes","yes","yes","no",4,5,1,1,3,5,2,FALSE,0,"no",1,14,14,15
"262","GP","M",16,"U","LE3","T",4,3,"health","other","home","father",1,1,"no","no","yes","yes","yes","yes","no",3,1,3,1,3,5,2,FALSE,0,"no",5,10,11,11
"263","GP","M",16,"U","LE3","T",4,3,"services","other","reputation","mother",1,2,"no","yes","yes","yes","yes","yes","no",5,4,2,1,2,5,1.5,FALSE,0,"no",8,14,14,14
"264","GP","M",16,"U","LE3","T",4,3,"teacher","other","course","mother",1,1,"no","no","yes","no","yes","yes","no",5,4,5,1,1,3,1,FALSE,0,"no",4,10,7,8
"265","GP","M",17,"R","GT3","T",1,2,"at_home","at_home","home","mother",1,2,"no","yes","yes","no","yes","no","yes",3,5,2,2,2,1,2,FALSE,0,"no",2,16,16,16
"266","GP","M",17,"R","GT3","T",1,2,"at_home","other","home","mother",1,2,"no","no","no","yes","yes","no","no",3,1,3,1,5,3,3,TRUE,0,"no",5,8,9,10
"267","GP","M",17,"R","GT3","T",1,3,"other","other","course","father",3,2,"no","yes","yes","yes","yes","yes","no",5,2,4,1,4,5,2.5,TRUE,1,"no",17,10,9,10
"268","GP","M",17,"R","GT3","T",2,1,"other","other","course","mother",1,1,"no","no","no","no","yes","yes","no",4,4,2,2,4,5,3,TRUE,0,"no",0,10,12,12
"269","GP","M",17,"R","GT3","T",2,2,"other","other","course","father",2,2,"no","yes","yes","yes","yes","yes","no",4,5,2,1,1,1,1,FALSE,0,"no",2,12,12,12
"270","GP","M",17,"R","GT3","T",2,2,"services","other","course","mother",4,1,"no","yes","no","yes","yes","yes","no",4,4,5,5,5,4,5,TRUE,0,"no",5,11,10,10
"271","GP","M",17,"R","GT3","T",3,4,"at_home","other","course","mother",3,2,"no","no","no","yes","yes","no","no",5,4,5,2,4,5,3,TRUE,0,"no",1,10,4,5
"272","GP","M",17,"R","LE3","A",4,4,"teacher","other","course","mother",2,2,"no","yes","no","yes","yes","yes","no",3,3,3,2,3,4,2.5,TRUE,0,"no",1,11,12,12
"273","GP","M",17,"R","LE3","T",1,1,"other","services","course","mother",4,2,"no","no","yes","yes","no","no","yes",5,3,5,1,5,5,3,TRUE,2,"no",0,6,8,8
"274","GP","M",17,"R","LE3","T",1,2,"other","other","reputation","mother",1,1,"no","no","no","yes","yes","no","no",2,2,2,3,3,5,3,TRUE,2,"no",11,12,10,12
"275","GP","M",17,"R","LE3","T",2,1,"at_home","other","course","mother",2,1,"no","no","yes","yes","no","yes","yes",3,3,2,2,2,5,2,FALSE,2,"yes",4,8,7,4
"276","GP","M",17,"U","GT3","T",1,1,"other","other","reputation","father",1,2,"no","no","no","no","yes","yes","no",4,3,3,1,2,4,1.5,FALSE,0,"no",1,12,11,12
"277","GP","M",17,"U","GT3","T",1,2,"at_home","services","other","other",2,2,"no","no","yes","no","yes","yes","no",4,4,4,4,5,5,4.5,TRUE,0,"no",14,8,10,10
"278","GP","M",17,"U","GT3","T",2,1,"other","other","home","mother",1,1,"no","yes","no","yes","yes","yes","no",5,4,5,1,2,5,1.5,FALSE,2,"no",11,7,4,3
"279","GP","M",17,"U","GT3","T",2,1,"other","other","home","mother",2,1,"yes","yes","yes","yes","no","yes","no",4,5,1,1,1,3,1,FALSE,3,"no",1,8,8,10
"280","GP","M",17,"U","GT3","T",2,3,"other","other","course","father",2,1,"no","no","no","yes","yes","yes","no",5,2,2,1,1,2,1,FALSE,0,"no",3,10,12,13
"281","GP","M",17,"U","GT3","T",3,1,"services","other","other","mother",1,2,"no","no","yes","yes","yes","yes","yes",5,4,4,3,4,5,3.5,TRUE,0,"no",1,10,10,12
"282","GP","M",17,"U","GT3","T",3,2,"services","services","course","mother",1,1,"no","yes","yes","yes","yes","yes","no",5,5,5,2,4,5,3,TRUE,3,"yes",9,7,6,6
"283","GP","M",17,"U","GT3","T",3,3,"health","other","home","mother",1,1,"no","yes","no","yes","yes","yes","no",4,4,3,1,3,5,2,FALSE,0,"no",2,14,14,13
"284","GP","M",17,"U","GT3","T",3,3,"other","other","reputation","father",1,2,"no","no","yes","no","yes","yes","no",4,3,4,1,4,4,2.5,TRUE,0,"no",4,8,7,8
"285","GP","M",17,"U","GT3","T",3,3,"other","services","reputation","mother",1,1,"no","no","yes","no","yes","yes","no",4,3,5,3,5,5,4,TRUE,0,"no",2,16,16,16
"286","GP","M",17,"U","GT3","T",3,3,"services","services","other","mother",1,2,"no","yes","yes","yes","yes","yes","yes",4,3,4,2,3,4,2.5,TRUE,0,"no",9,12,12,12
"287","GP","M",17,"U","GT3","T",4,3,"other","other","course","mother",1,2,"no","yes","yes","yes","yes","yes","yes",5,2,3,1,1,2,1,FALSE,0,"yes",4,10,10,12
"288","GP","M",17,"U","GT3","T",4,4,"services","teacher","home","mother",1,1,"no","no","no","yes","yes","yes","no",5,2,3,1,2,5,1.5,FALSE,0,"no",4,15,14,15
"289","GP","M",17,"U","GT3","T",4,4,"teacher","teacher","reputation","mother",1,2,"yes","yes","yes","yes","yes","yes","yes",4,5,5,1,3,2,2,FALSE,0,"no",7,12,11,11
"290","GP","M",17,"U","LE3","A",3,2,"teacher","services","home","mother",1,1,"no","no","no","yes","yes","yes","no",4,4,4,3,4,3,3.5,TRUE,0,"no",18,12,11,12
"291","GP","M",17,"U","LE3","A",4,1,"services","other","home","mother",2,1,"no","no","yes","yes","yes","yes","yes",4,5,4,2,4,5,3,TRUE,0,"no",26,10,10,9
"292","GP","M",17,"U","LE3","T",1,1,"health","other","course","mother",2,1,"no","yes","yes","yes","yes","yes","no",4,4,4,1,2,5,1.5,FALSE,1,"no",1,8,10,9
"293","GP","M",17,"U","LE3","T",2,2,"other","other","home","father",1,2,"no","no","yes","no","yes","yes","yes",4,4,2,5,5,4,5,TRUE,0,"no",2,15,14,14
"294","GP","M",17,"U","LE3","T",2,3,"services","services","reputation","father",1,2,"no","yes","no","no","yes","yes","no",5,3,3,1,3,3,2,FALSE,0,"no",1,11,11,12
"295","GP","M",17,"U","LE3","T",4,3,"health","other","course","mother",2,2,"no","no","yes","yes","yes","yes","yes",2,5,5,1,4,5,2.5,TRUE,0,"no",11,14,14,14
"296","GP","M",17,"U","LE3","T",4,3,"teacher","other","course","mother",2,2,"no","no","yes","yes","yes","yes","no",4,4,4,4,4,4,4,TRUE,0,"no",2,10,10,10
"297","GP","M",17,"U","LE3","T",4,4,"other","teacher","home","father",2,1,"no","no","no","yes","yes","yes","no",4,1,1,2,2,5,2,FALSE,0,"no",0,12,12,12
"298","GP","M",17,"U","LE3","T",4,4,"services","other","home","mother",1,2,"no","yes","no","yes","yes","yes","yes",5,3,5,4,5,3,4.5,TRUE,0,"no",14,12,12,12
"299","GP","M",17,"U","LE3","T",4,4,"teacher","other","reputation","mother",1,2,"no","yes","yes","yes","yes","yes","no",4,4,4,1,3,5,2,FALSE,0,"no",0,12,10,10
"300","GP","M",18,"R","GT3","T",3,2,"other","other","course","mother",1,3,"no","no","yes","no","yes","no","no",5,3,2,1,1,3,1,FALSE,0,"no",2,12,12,12
"301","GP","M",18,"R","GT3","T",4,3,"teacher","services","course","mother",1,3,"no","no","no","yes","yes","yes","yes",5,3,2,1,2,4,1.5,FALSE,0,"no",6,16,14,16
"302","GP","M",18,"R","LE3","A",3,4,"other","other","reputation","mother",2,2,"no","yes","yes","yes","yes","yes","no",4,2,5,3,4,1,3.5,TRUE,0,"no",10,16,16,16
"303","GP","M",18,"R","LE3","T",3,2,"services","other","reputation","mother",2,3,"no","yes","yes","yes","yes","yes","no",5,4,2,1,1,4,1,FALSE,0,"no",4,14,14,14
"304","GP","M",18,"R","LE3","T",3,3,"other","services","course","mother",1,2,"no","yes","no","yes","yes","yes","yes",4,3,3,1,3,5,2,FALSE,0,"no",8,6,7,8
"305","GP","M",18,"U","GT3","T",2,1,"other","other","home","mother",1,2,"no","no","yes","yes","yes","yes","no",5,2,4,1,2,4,1.5,FALSE,0,"no",5,16,15,15
"306","GP","M",18,"U","GT3","T",2,1,"services","services","other","mother",1,1,"no","no","no","no","no","yes","no",3,2,5,2,5,5,3.5,TRUE,2,"no",4,6,8,7
"307","GP","M",18,"U","GT3","T",2,1,"services","services","reputation","mother",1,3,"no","no","yes","yes","yes","yes","no",4,2,4,1,3,2,2,FALSE,0,"no",3,14,14,14
"308","GP","M",18,"U","GT3","T",2,2,"other","other","home","mother",2,2,"no","yes","no","yes","yes","yes","no",3,3,3,5,5,4,5,TRUE,2,"yes",4,11,11,12
"309","GP","M",18,"U","GT3","T",2,2,"other","services","reputation","father",1,2,"no","no","no","yes","no","yes","no",5,5,4,3,5,2,4,TRUE,0,"no",8,8,7,4
"310","GP","M",18,"U","GT3","T",2,2,"services","other","home","mother",1,2,"no","yes","yes","yes","yes","yes","no",4,4,4,2,4,5,3,TRUE,0,"no",12,9,9,10
"311","GP","M",18,"U","GT3","T",3,2,"services","other","course","mother",2,1,"no","no","no","yes","no","yes","no",4,4,5,2,4,5,3,TRUE,0,"no",4,6,8,8
"312","GP","M",18,"U","GT3","T",4,2,"health","other","reputation","father",1,2,"no","yes","yes","yes","yes","yes","yes",5,4,5,1,3,5,2,FALSE,0,"no",7,10,10,12
"313","GP","M",18,"U","GT3","T",4,2,"teacher","other","home","mother",1,2,"no","yes","yes","yes","yes","yes","yes",4,3,2,1,4,5,2.5,TRUE,0,"no",6,14,14,14
"314","GP","M",18,"U","GT3","T",4,3,"teacher","other","course","mother",1,2,"no","yes","no","no","yes","yes","no",4,3,2,1,1,3,1,FALSE,0,"no",2,9,9,10
"315","GP","M",18,"U","GT3","T",4,3,"teacher","other","course","mother",1,3,"no","yes","no","yes","yes","yes","yes",5,4,5,2,3,5,2.5,TRUE,0,"no",0,12,12,12
"316","GP","M",18,"U","GT3","T",4,4,"other","other","course","mother",1,3,"no","no","yes","yes","yes","yes","no",4,3,3,2,2,3,2,FALSE,0,"no",2,11,13,12
"317","GP","M",18,"U","GT3","T",4,4,"teacher","services","home","father",1,2,"no","yes","yes","yes","yes","yes","no",4,3,3,2,2,2,2,FALSE,0,"no",0,11,11,6
"318","GP","M",18,"U","GT3","T",4,4,"teacher","services","home","mother",2,1,"no","no","yes","yes","yes","yes","no",3,2,4,1,4,3,2.5,TRUE,0,"no",14,10,10,10
"319","GP","M",18,"U","LE3","A",4,4,"teacher","teacher","reputation","mother",1,2,"no","yes","yes","yes","yes","yes","no",5,4,3,1,1,2,1,FALSE,0,"no",4,16,15,16
"320","GP","M",18,"U","LE3","T",1,1,"other","other","course","mother",1,1,"no","no","no","yes","no","yes","yes",2,3,5,2,5,4,3.5,TRUE,2,"no",0,8,7,0
"321","GP","M",18,"U","LE3","T",2,1,"at_home","other","course","mother",4,2,"yes","yes","yes","yes","yes","yes","yes",4,3,2,4,5,3,4.5,TRUE,0,"no",8,10,9,10
"322","GP","M",18,"U","LE3","T",2,2,"other","other","course","mother",1,4,"no","yes","yes","yes","yes","yes","no",4,5,5,2,4,5,3,TRUE,0,"yes",1,10,10,10
"323","GP","M",18,"U","LE3","T",3,3,"services","health","home","father",1,2,"no","yes","no","yes","yes","yes","no",3,2,4,2,4,4,3,TRUE,0,"no",12,8,8,9
"324","GP","M",18,"U","LE3","T",3,4,"services","other","home","mother",1,2,"no","no","yes","yes","yes","yes","yes",4,3,3,1,3,5,2,FALSE,0,"no",8,16,16,16
"325","GP","M",18,"U","LE3","T",4,3,"teacher","services","course","mother",2,1,"no","no","yes","yes","yes","yes","no",4,2,3,1,2,1,1.5,FALSE,0,"no",4,10,10,10
"326","GP","M",18,"U","LE3","T",4,4,"teacher","teacher","home","mother",1,1,"no","yes","no","yes","yes","yes","yes",1,4,2,2,2,1,2,FALSE,0,"no",2,17,16,16
"327","GP","M",19,"R","GT3","T",3,3,"other","services","reputation","father",1,2,"no","no","yes","yes","yes","no","yes",4,5,3,1,2,5,1.5,FALSE,0,"no",0,12,11,12
"328","GP","M",19,"U","GT3","T",3,2,"services","at_home","home","mother",1,1,"no","yes","no","yes","no","yes","yes",4,5,4,1,1,4,1,FALSE,2,"no",3,8,4,6
"329","GP","M",19,"U","LE3","A",4,3,"services","at_home","reputation","mother",1,2,"no","yes","no","yes","yes","yes","no",4,3,1,1,1,1,1,FALSE,0,"no",8,11,12,12
"330","GP","M",20,"U","GT3","A",3,2,"services","other","course","other",1,1,"no","no","yes","yes","yes","no","no",5,5,3,1,1,5,1,FALSE,1,"no",0,16,16,16
"331","GP","M",22,"U","GT3","T",3,1,"services","services","other","mother",1,1,"no","no","no","no","no","yes","yes",5,4,5,5,5,1,5,TRUE,3,"no",14,6,8,6
"332","MS","F",17,"R","GT3","T",1,1,"other","services","reputation","mother",3,1,"no","yes","no","yes","yes","yes","yes",5,2,1,1,2,1,1.5,FALSE,1,"no",0,8,7,4
"333","MS","F",17,"R","GT3","T",1,2,"other","other","course","mother",1,1,"no","no","yes","yes","yes","yes","no",3,5,5,1,3,1,2,FALSE,0,"no",9,6,6,7
"334","MS","F",17,"R","GT3","T",1,2,"other","services","course","father",2,2,"no","no","no","no","yes","no","no",3,2,2,1,2,3,1.5,FALSE,0,"no",0,12,12,12
"335","MS","F",17,"R","GT3","T",3,1,"at_home","other","reputation","mother",1,2,"no","yes","yes","no","yes","yes","no",4,5,4,2,3,1,2.5,TRUE,0,"no",14,9,10,10
"336","MS","F",17,"R","GT3","T",4,4,"teacher","services","other","father",2,2,"no","yes","yes","yes","yes","yes","no",4,3,3,1,2,5,1.5,FALSE,0,"yes",3,12,12,12
"337","MS","F",17,"U","GT3","T",2,2,"other","at_home","home","mother",1,3,"no","no","yes","yes","yes","no","yes",3,4,3,1,1,3,1,FALSE,0,"no",8,12,11,12
"338","MS","F",17,"U","LE3","A",3,2,"services","other","reputation","mother",2,2,"no","no","no","yes","yes","no","yes",1,2,3,1,2,5,1.5,FALSE,0,"no",1,14,13,13
"339","MS","F",17,"U","LE3","T",4,4,"at_home","at_home","course","mother",1,2,"no","yes","yes","yes","yes","yes","yes",2,3,4,1,1,1,1,FALSE,0,"no",2,16,14,15
"340","MS","F",18,"R","GT3","T",1,1,"other","other","home","mother",4,3,"no","no","no","yes","yes","yes","no",4,3,2,1,2,4,1.5,FALSE,0,"no",3,9,10,11
"341","MS","F",18,"R","GT3","T",2,2,"at_home","other","other","mother",2,3,"no","no","no","yes","yes","no","no",5,3,3,1,3,4,2,FALSE,0,"no",1,12,13,12
"342","MS","F",18,"R","GT3","T",4,4,"other","teacher","other","father",3,2,"no","yes","no","no","yes","yes","yes",3,2,2,4,2,5,3,TRUE,0,"no",5,10,8,6
"343","MS","F",18,"R","GT3","T",4,4,"teacher","at_home","reputation","mother",3,1,"no","yes","yes","yes","yes","yes","yes",4,4,3,2,2,5,2,FALSE,0,"no",6,6,7,8
"344","MS","F",18,"R","LE3","T",4,4,"other","other","reputation","mother",2,3,"no","no","no","yes","yes","yes","no",5,4,4,1,1,1,1,FALSE,0,"no",0,17,18,18
"345","MS","F",18,"R","LE3","T",4,4,"teacher","services","course","mother",1,2,"no","no","yes","yes","yes","yes","no",5,4,3,3,4,2,3.5,TRUE,0,"no",2,10,12,12
"346","MS","F",18,"U","GT3","T",1,1,"other","other","course","mother",2,2,"no","no","yes","yes","yes","no","no",1,1,1,1,1,5,1,FALSE,0,"no",3,8,8,4
"347","MS","F",18,"U","GT3","T",2,3,"at_home","services","course","father",2,1,"no","yes","no","yes","yes","yes","yes",5,2,3,1,2,4,1.5,FALSE,0,"no",0,10,10,10
"348","MS","F",18,"U","GT3","T",3,3,"other","other","home","mother",1,2,"no","no","no","yes","yes","yes","yes",4,1,3,1,2,1,1.5,FALSE,0,"no",0,16,16,16
"349","MS","F",18,"U","GT3","T",3,3,"services","services","course","father",1,2,"no","yes","no","yes","yes","no","yes",5,3,4,1,1,5,1,FALSE,0,"no",0,10,10,10
"350","MS","F",18,"U","GT3","T",3,3,"services","services","other","mother",2,2,"no","yes","no","yes","yes","yes","yes",4,3,2,1,3,3,2,FALSE,0,"no",3,12,12,12
"351","MS","F",18,"U","LE3","T",1,1,"at_home","services","course","father",2,3,"no","no","no","yes","yes","yes","no",5,3,2,1,1,4,1,FALSE,0,"no",0,18,16,17
"352","MS","F",18,"U","LE3","T",3,1,"teacher","services","course","mother",1,2,"no","yes","no","yes","yes","yes","no",4,3,4,1,1,1,1,FALSE,0,"no",2,11,12,12
"353","MS","F",19,"R","GT3","T",2,3,"services","other","course","mother",1,3,"no","no","yes","no","yes","yes","no",5,4,2,1,2,5,1.5,FALSE,1,"no",2,8,8,5
"354","MS","M",17,"R","GT3","T",4,3,"services","other","home","mother",2,2,"no","yes","yes","no","yes","yes","yes",4,5,5,1,3,2,2,FALSE,0,"yes",4,12,11,11
"355","MS","M",17,"U","GT3","T",2,3,"other","services","home","father",2,2,"no","no","yes","yes","yes","yes","no",4,4,3,1,1,3,1,FALSE,0,"no",3,12,13,13
"356","MS","M",17,"U","GT3","T",3,3,"health","other","course","mother",2,2,"no","yes","no","yes","yes","yes","no",4,5,4,2,3,3,2.5,TRUE,0,"no",3,10,11,12
"357","MS","M",17,"U","LE3","T",3,1,"services","services","course","mother",2,1,"no","no","no","no","yes","yes","no",2,4,5,3,4,2,3.5,TRUE,0,"no",4,12,13,13
"358","MS","M",18,"R","GT3","T",1,3,"at_home","other","course","mother",2,2,"no","yes","no","yes","yes","no","no",3,3,4,2,4,3,3,TRUE,0,"yes",2,9,10,10
"359","MS","M",18,"R","GT3","T",2,1,"other","other","other","mother",2,1,"no","no","yes","no","yes","yes","yes",4,4,3,1,3,5,2,FALSE,0,"no",2,7,6,4
"360","MS","M",18,"R","GT3","T",3,2,"other","other","course","mother",2,1,"no","yes","no","no","yes","yes","no",2,5,5,5,5,5,5,TRUE,0,"no",9,10,12,12
"361","MS","M",18,"R","GT3","T",4,2,"other","other","home","father",2,1,"no","no","no","yes","yes","no","no",5,4,3,4,3,3,3.5,TRUE,1,"yes",7,6,6,2
"362","MS","M",18,"R","LE3","T",1,2,"at_home","services","other","father",3,1,"no","yes","yes","yes","no","yes","yes",4,3,3,2,3,3,2.5,TRUE,0,"no",3,12,11,11
"363","MS","M",18,"R","LE3","T",3,2,"services","other","course","mother",3,1,"no","no","no","no","yes","yes","no",4,4,1,3,4,5,3.5,TRUE,0,"no",2,10,12,10
"364","MS","M",18,"U","GT3","T",4,4,"teacher","teacher","home","father",1,2,"no","no","yes","no","yes","yes","no",3,2,4,1,4,2,2.5,TRUE,0,"no",4,16,16,16
"365","MS","M",18,"U","LE3","T",1,1,"other","services","home","father",2,1,"no","no","no","no","yes","yes","yes",3,3,2,1,2,3,1.5,FALSE,0,"no",3,12,12,12
"366","MS","M",18,"U","LE3","T",1,3,"at_home","services","course","mother",1,1,"no","no","no","yes","no","yes","yes",4,3,3,2,3,3,2.5,TRUE,0,"no",4,8,8,8
"367","MS","M",18,"U","LE3","T",4,4,"teacher","services","other","mother",2,3,"no","no","no","yes","yes","yes","yes",4,2,2,2,2,5,2,FALSE,0,"no",0,14,14,14
"368","MS","M",19,"R","GT3","T",1,1,"other","other","home","other",3,1,"no","yes","no","yes","yes","yes","no",4,4,4,3,3,5,3,TRUE,1,"no",4,8,8,9
"369","MS","M",19,"R","GT3","T",1,1,"other","services","home","other",3,2,"no","no","no","yes","yes","yes","no",5,4,4,3,3,2,3,TRUE,2,"no",8,9,8,10
"370","MS","M",19,"R","GT3","T",1,1,"other","services","other","mother",2,1,"no","no","no","yes","yes","no","no",4,3,2,1,3,5,2,FALSE,1,"no",0,6,6,0
